{
    "Gripper0": [
        [
            0.2466955929994583,
            -0.9246527552604675,
            -0.29010069370269775,
            -0.0664035752415657
        ],
        [
            0.3508991003036499,
            0.3642694354057312,
            -0.8626572489738464,
            0.07624839246273041
        ],
        [
            0.903333306312561,
            0.11101764440536499,
            0.41432350873947144,
            0.5599290728569031
        ],
        [
            0.0,
            0.0,
            0.0,
            1.0
        ]
    ],
    "Gripper1": [
        [
            0.07559296488761902,
            0.8685302734375,
            0.4898375868797302,
            -0.05610719323158264
        ],
        [
            0.2812020480632782,
            -0.48987287282943726,
            0.8251969814300537,
            0.09214504808187485
        ],
        [
            0.9566666483879089,
            0.07536426186561584,
            -0.28126344084739685,
            0.564670205116272
        ],
        [
            0.0,
            0.0,
            0.0,
            1.0
        ]
    ],
    "Gripper2": [
        [
            -0.13066884875297546,
            0.5942420363426208,
            0.7936007380485535,
            -0.031634725630283356
        ],
        [
            0.17043437063694,
            -0.7750834226608276,
            0.6084389090538025,
            0.11118502914905548
        ],
        [
            0.9766666889190674,
            0.21476083993911743,
            -9.38749433743169e-09,
            0.5736899375915527
        ],
        [
            0.0,
            0.0,
            0.0,
            1.0
        ]
    ],
    "Gripper3": [
        [
            -0.34101662039756775,
            -0.5205128192901611,
            -0.7827988266944885,
            0.018176116049289703
        ],
        [
            -0.33935707807540894,
            0.8447258472442627,
            -0.4138537645339966,
            0.03822051361203194
        ],
        [
            0.8766666650772095,
            0.12451732158660889,
            -0.4647052586078644,
            0.5836516618728638
        ],
        [
            0.0,
            0.0,
            0.0,
            1.0
        ]
    ],
    "Gripper4": [
        [
            -0.34101662039756775,
            0.7053799033164978,
            0.6214070916175842,
            0.012304884381592274
        ],
        [
            -0.33935707807540894,
            -0.708829402923584,
            0.6183830499649048,
            0.026072027161717415
        ],
        [
            0.8766666650772095,
            0.0,
            0.4810982644557953,
            0.5850000381469727
        ],
        [
            0.0,
            0.0,
            0.0,
            1.0
        ]
    ],
    "Gripper5": [
        [
            -0.1557886302471161,
            -0.36172574758529663,
            -0.9191759824752808,
            -0.010585079900920391
        ],
        [
            -0.33291125297546387,
            0.8953236937522888,
            -0.2959148585796356,
            0.009703952819108963
        ],
        [
            0.9300000071525574,
            0.25990381836891174,
            -0.25990381836891174,
            0.5818952322006226
        ],
        [
            0.0,
            0.0,
            0.0,
            1.0
        ]
    ],
    "Gripper6": [
        [
            0.4683450758457184,
            -0.88257896900177,
            0.04131786525249481,
            -0.06289338320493698
        ],
        [
            0.019367540255188942,
            -0.036497458815574646,
            -0.999146044254303,
            0.11027613282203674
        ],
        [
            0.8833333253860474,
            0.4687453508377075,
            -2.0489510532684108e-08,
            0.5609868764877319
        ],
        [
            0.0,
            0.0,
            0.0,
            1.0
        ]
    ],
    "Gripper7": [
        [
            0.1040186807513237,
            -0.6754903197288513,
            -0.7299951910972595,
            -0.040696073323488235
        ],
        [
            0.09528963267803192,
            0.7373688817024231,
            -0.6687354445457458,
            0.11966092139482498
        ],
        [
            0.9900000095367432,
            0.0,
            0.14106737077236176,
            0.5720000267028809
        ],
        [
            0.0,
            0.0,
            0.0,
            1.0
        ]
    ],
    "Gripper8": [
        [
            0.07559296488761902,
            -0.9657150506973267,
            -0.24835477769374847,
            -0.04682989791035652
        ],
        [
            0.2812020480632782,
            0.2596043050289154,
            -0.923867404460907,
            0.1102624237537384
        ],
        [
            0.9566666483879089,
            0.0,
            0.29118531942367554,
            0.5700000524520874
        ],
        [
            0.0,
            0.0,
            0.0,
            1.0
        ]
    ],
    "Gripper9": [
        [
            -0.34101662039756775,
            0.8908442854881287,
            -0.30017340183258057,
            -0.03090433031320572
        ],
        [
            -0.33935707807540894,
            0.18112078309059143,
            0.9230557680130005,
            0.12447108328342438
        ],
        [
            0.8766666650772095,
            0.416643351316452,
            0.24054911732673645,
            0.5762853622436523
        ],
        [
            0.0,
            0.0,
            0.0,
            1.0
        ]
    ],
    "Gripper10": [
        [
            -0.1557886302471161,
            0.9057342410087585,
            0.39417678117752075,
            -0.03770976513624191
        ],
        [
            -0.33291125297546387,
            -0.4238460063934326,
            0.8423328399658203,
            0.1320604383945465
        ],
        [
            0.9300000071525574,
            0.0,
            0.3675594925880432,
            0.5740000009536743
        ],
        [
            0.0,
            0.0,
            0.0,
            1.0
        ]
    ],
    "Gripper11": [
        [
            -0.13066884875297546,
            0.5942420363426208,
            0.7936007380485535,
            0.03734009340405464
        ],
        [
            0.17043437063694,
            -0.7750834226608276,
            0.6084389090538025,
            0.03898397088050842
        ],
        [
            0.9766666889190674,
            0.21476083993911743,
            -9.38749433743169e-09,
            0.5820258259773254
        ],
        [
            0.0,
            0.0,
            0.0,
            1.0
        ]
    ],
    "Gripper12": [
        [
            -0.40493783354759216,
            0.21471942961215973,
            0.8887749910354614,
            0.03493209928274155
        ],
        [
            -0.08902444690465927,
            -0.976675808429718,
            0.19539467990398407,
            0.03859294578433037
        ],
        [
            0.9100000262260437,
            0.0,
            0.41460826992988586,
            0.5830000042915344
        ],
        [
            0.0,
            0.0,
            0.0,
            1.0
        ]
    ],
    "Gripper13": [
        [
            -0.22638584673404694,
            -0.3080669045448303,
            -0.9240369200706482,
            -0.03345898911356926
        ],
        [
            -0.14400814473628998,
            0.9488268494606018,
            -0.2810502052307129,
            0.11678417026996613
        ],
        [
            0.9633333683013916,
            0.06944304704666138,
            -0.2591651380062103,
            0.573764443397522
        ],
        [
            0.0,
            0.0,
            0.0,
            1.0
        ]
    ],